,Power Request,Load Scaling Factor,Cost Result
0,8000.0,0.1,0.49000000000000027
1,8000.0,0.15,0.6100000000000003
2,9000.0,0.1,-1.0
3,9000.0,0.15,-1.0
